,phase
0,T1_M1
1,T1_M1
2,T1_M1
3,T1_M1
4,T1_M1
5,T1_M1
6,T1_M1
7,T1_M1
8,T1_M1
9,T1_M1
10,T1_M1
11,T1_M1
12,T1_M1
13,T1_M1
14,T1_M1
15,T1_M1
16,T1_M1
17,T1_M1
18,T1_M1
19,T1_M1
20,T1_M1
21,T1_M1
22,T1_M1
23,T1_M1
24,T1_M1
25,T1_M1
26,T1_M1
27,T1_M1
28,T1_M1
29,T1_M1
30,T1_M1
31,T1_M1
32,T1_M1
33,T1_M1
34,T1_M1
35,T1_M1
36,T1_M1
37,T1_M1
38,T1_M1
39,T1_M1
40,T1_M1
41,T1_M1
42,T1_M1
43,T1_M1
44,T1_M1
45,T1_M1
46,T1_M1
47,T1_M1
48,T1_M1
49,T1_M1
50,T1_M1
51,T1_M1
52,T1_M1
53,T1_M1
54,T1_M1
55,T1_M1
56,T1_M1
57,T1_M1
58,T1_M1
59,T1_M1
60,T1_M1
61,T1_M1
62,T1_M1
63,T1_M1
64,T1_M1
65,T1_M1
66,T1_M1
67,T1_M1
68,T1_M1
69,T1_M1
70,T1_M1
71,T1_M1
72,T1_M1
73,T1_M1
74,T1_M1
75,T1_M1
76,T1_M1
77,T1_M1
78,T1_M1
79,T1_M1
80,T1_M1
81,T1_M1
82,T1_M1
83,T1_M1
84,T1_M1
85,T1_M1
86,T1_M1
87,T1_M1
88,T1_M1
89,T1_M1
90,T1_M1
91,T1_M1
92,T1_M1
93,T1_M1
94,T1_M1
95,T1_M1
96,T1_M1
97,T1_M1
98,T1_M1
99,T1_M1
100,T1_M1
101,T1_M1
102,T1_M1
103,T1_M1
104,T1_M1
105,T1_M1
106,T1_M1
107,T1_M1
108,T1_M1
109,T1_M1
110,T1_M1
111,T1_M1
112,T1_M1
113,T1_M1
114,T1_M1
115,T1_M1
116,T1_M1
117,T1_M1
118,T1_M1
119,T1_M1
120,T1_M1
121,T1_M1
122,T1_M1
123,T1_M1
124,T1_M1
125,T1_M1
126,T1_M1
127,T1_M1
128,T1_M1
129,T1_M1
130,T1_M1
131,T1_M1
132,T1_M1
133,T1_M1
134,T1_M1
135,T1_M1
136,T1_M1
137,T1_M1
138,T1_M1
139,T1_M1
140,T1_M1
141,T1_M1
142,T1_M1
143,T1_M1
144,T1_M1
145,T1_M1
146,T1_M1
147,T1_M1
148,T1_M1
149,T1_M1
150,T1_M1
151,T1_M1
152,T1_M1
153,T1_M1
154,T1_M1
155,T1_M1
156,T1_M1
157,T1_M1
158,T1_M1
159,T1_M1
160,T1_M1
161,T1_M1
162,T1_M1
163,T1_M1
164,T1_M1
165,T1_M1
166,T1_M1
167,T1_M1
168,T1_M1
169,T1_M1
170,T1_M1
171,T1_M1
172,T1_M1
173,T1_M1
174,T1_M1
175,T1_M1
176,T1_M1
177,T1_M1
178,T1_M1
179,T1_M1
180,T1_M1
181,T1_M1
182,T1_M1
183,T1_M1
184,T1_M1
185,T1_M1
186,T1_M1
187,T1_M1
188,T1_M1
189,T1_M1
190,T1_M1
191,T1_M1
192,T1_M1
193,T1_M1
194,T1_M1
195,T1_M1
196,T1_M1
197,T1_M1
198,T1_M1
199,T1_M1
200,T1_M1
201,T1_M1
202,T1_M1
203,T1_M1
204,T1_M1
205,T1_M1
206,T1_M1
207,T1_M1
208,T1_M1
209,T1_M1
210,T1_M1
211,T1_M1
212,T1_M1
213,T1_M1
214,T1_M1
215,T1_M1
216,T1_M1
217,T1_M1
218,T1_M1
219,T1_M1
220,T1_M1
221,T1_M1
222,T1_M1
223,T1_M1
224,T1_M1
225,T1_M1
226,T1_M1
227,T1_M1
228,T1_M1
229,T1_M1
230,T1_M1
231,T1_M1
232,T1_M1
233,T1_M1
234,T1_M1
235,T1_M1
236,T1_M1
237,T1_M1
238,T1_M1
239,T1_M1
240,T1_M1
241,T1_M1
242,T1_M1
243,T1_M1
244,T1_M1
245,T1_M1
246,T1_M1
247,T1_M1
248,T1_M1
249,T1_M1
250,T1_M1
251,T1_M1
252,T1_M1
253,T1_M1
254,T1_M1
255,T1_M1
256,T1_M1
257,T1_M1
258,T1_M1
259,T1_M1
260,T1_M1
261,T1_M1
262,T1_M1
263,T1_M1
264,T1_M1
265,T1_M1
266,T1_M1
267,T1_M1
268,T1_M1
269,T1_M1
270,T1_M1
271,T1_M1
272,T1_M1
273,T1_M1
274,T1_M1
275,T1_M1
276,T1_M1
277,T1_M1
278,T1_M1
279,T1_M1
280,T1_M1
281,T1_M1
282,T1_M1
283,T1_M1
284,T1_M1
285,T1_M1
286,T1_M1
287,T1_M1
288,T1_M1
289,T1_M1
290,T1_M1
291,T1_M1
292,T1_M1
293,T1_M1
294,T1_M1
295,T1_M1
296,T1_M1
297,T1_M1
298,T1_M1
299,T1_M1
300,T1_M1
301,T1_M1
302,T1_M1
303,T1_M1
304,T1_M1
305,T1_M1
306,T1_M1
307,T1_M1
308,T1_M1
309,T1_M1
310,T1_M1
311,T1_M1
312,T1_M1
313,T1_M1
314,T1_M1
315,T1_M1
316,T1_M1
317,T1_M1
318,T1_M1
319,T1_M1
320,T1_M1
321,T1_M1
322,T1_M1
323,T1_M1
324,T1_M1
325,T1_M1
326,T1_M1
327,T1_M1
328,T1_M1
329,T1_M1
330,T1_M1
331,T1_M1
332,T1_M1
333,T1_M1
334,T1_M1
335,T1_M1
336,T1_M1
337,T1_M1
338,T1_M1
339,T1_M1
340,T1_M1
341,T1_M1
342,T1_M1
343,T1_M1
344,T1_M1
345,T1_M1
346,T1_M1
347,T1_M1
348,T1_M1
349,T1_M1
350,T1_M1
351,T1_M1
352,T1_M1
353,T1_M1
354,T1_M1
355,T1_M1
356,T1_M1
357,T1_M1
358,T1_M1
359,T1_M1
360,T1_M1
361,T1_M1
362,T1_M1
363,T1_M1
364,T1_M1
365,T1_M1
366,T1_M1
367,T1_M1
368,T1_M1
369,T1_M1
370,T1_M1
371,T1_M1
372,T1_M1
373,T1_M1
374,T1_M1
375,T1_M1
376,T1_M1
377,T1_M1
378,T1_M1
379,T1_M1
380,T1_M1
381,T1_M1
382,T1_M1
383,T1_M1
384,T1_M1
385,T1_M1
386,T1_M1
387,T1_M1
388,T1_M1
389,T1_M1
390,T1_M1
391,T1_M1
392,T1_M1
393,T1_M1
394,T1_M1
395,T1_M1
396,T1_M1
397,T1_M1
398,T1_M1
399,T1_M1
400,T1_M1
401,T1_M1
402,T1_M1
403,T1_M1
404,T1_M1
405,T1_M1
406,T1_M1
407,T1_M1
408,T1_M1
409,T1_M1
410,T1_M1
411,T1_M1
412,T1_M1
413,T1_M1
414,T1_M1
415,T1_M1
416,T1_M1
417,T1_M1
418,T1_M1
419,T1_M1
420,T1_M1
421,T1_M1
422,T1_M1
423,T1_M1
424,T1_M1
425,T1_M1
426,T1_M1
427,T1_M1
428,T1_M1
429,T1_M1
430,T1_M1
431,T1_M1
432,T1_M1
433,T1_M1
434,T1_M1
435,T1_M1
436,T1_M1
437,T1_M1
438,T1_M1
439,T1_M1
440,T1_M1
441,T1_M1
442,T1_M1
443,T1_M1
444,T1_M1
445,T1_M1
446,T1_M1
447,T1_M1
448,T1_M1
449,T1_M1
450,T1_M1
451,T1_M1
452,T1_M1
453,T1_M1
454,T1_M1
455,T1_M1
456,T1_M1
457,T1_M1
458,T1_M1
459,T1_M1
460,T1_M1
461,T1_M1
462,T1_M1
463,T1_M1
464,T1_M1
465,T1_M1
466,T1_M1
467,T1_M1
468,T1_M1
469,T1_M1
470,T1_M1
471,T1_M1
472,T1_M1
473,T1_M1
474,T1_M1
475,T1_M1
476,T1_M1
477,T1_M1
478,T1_M1
479,T1_M1
480,T1_M1
481,T1_M1
482,T1_M1
483,T1_M1
484,T1_M1
485,T1_M1
486,T1_M1
487,T1_M1
488,T1_M1
489,T1_M1
490,T1_M1
491,T1_M1
492,T1_M1
493,T1_M1
494,T1_M1
495,T1_M1
496,T1_M1
497,T1_M1
498,T1_M1
499,T1_M1
500,T1_M1
501,T1_M1
502,T1_M1
503,T1_M1
504,T1_M1
505,T1_M1
506,T1_M1
507,T1_M1
508,T1_M1
509,T1_M1
510,T1_M1
511,T1_M1
512,T1_M1
513,T1_M1
514,T1_M1
515,T1_M1
516,T1_M1
517,T1_M1
518,T1_M1
519,T1_M1
520,T1_M1
521,T1_M1
522,T1_M1
523,T1_M1
524,T1_M1
525,T1_M1
526,T1_M1
527,T1_M1
528,T1_M1
529,T1_M1
530,T1_M1
531,T1_M1
532,T1_M1
533,T1_M1
534,T1_M1
535,T1_M1
536,T1_M1
537,T1_M1
538,T1_M1
539,T1_M1
540,T1_M1
541,T1_M1
542,T1_M1
543,T1_M1
544,T1_M1
545,T1_M1
546,T1_M1
547,T1_M1
548,T1_M1
549,T1_M1
550,T1_M1
551,T1_M1
552,T1_M1
553,T1_M1
554,T1_M1
555,T1_M1
556,T1_M1
557,T1_M1
558,T1_M1
559,T1_M1
560,T1_M1
561,T1_M1
562,T1_M1
563,T1_M1
564,T1_M1
565,T1_M1
566,T1_M1
567,T1_M1
568,T1_M1
569,T1_M1
570,T1_M1
571,T1_M1
572,T1_M1
573,T1_M1
574,T1_M1
575,T1_M1
576,T1_M1
577,T1_M1
578,T1_M1
579,T1_M1
580,T1_M1
581,T1_M1
582,T1_M1
583,T1_M1
584,T1_M1
585,T1_M1
586,T1_M1
587,T1_M1
588,T1_M1
589,T1_M1
590,T1_M1
591,T1_M1
592,T1_M1
593,T1_M1
594,T1_M1
595,T1_M1
596,T1_M1
597,T1_M1
598,T1_M1
599,T1_M1
600,T1_M1
601,T1_M1
602,T1_M1
603,T1_M1
604,T1_M1
605,T1_M1
606,T1_M1
607,T1_M1
608,T1_M1
609,T1_M1
610,T1_M1
611,T1_M1
612,T1_M1
613,T1_M1
614,T1_M1
615,T1_M1
616,T1_M1
617,T1_M1
618,T1_M1
619,T1_M1
620,T1_M1
621,T1_M1
622,T1_M1
623,T1_M1
624,T1_M1
625,T1_M1
626,T1_M1
627,T1_M1
628,T1_M1
629,T1_M1
630,T1_M1
631,T1_M1
632,T1_M1
633,T1_M1
634,T1_M1
635,T1_M1
636,T1_M1
637,T1_M1
638,T1_M1
639,T1_M1
640,T1_M1
641,T1_M1
642,T1_M1
643,T1_M1
644,T1_M1
645,T1_M1
646,T1_M1
647,T1_M1
648,T1_M1
649,T1_M1
650,T1_M1
651,T1_M1
652,T1_M1
653,T1_M1
654,T1_M1
655,T1_M1
656,T1_M1
657,T1_M1
658,T1_M1
659,T1_M1
660,T1_M1
661,T1_M1
662,T1_M1
663,T1_M1
664,T1_M1
665,T1_M1
666,T1_M1
667,T1_M1
668,T1_M1
669,T1_M1
670,T1_M1
671,T1_M1
672,T1_M1
673,T1_M1
674,T1_M1
675,T1_M1
676,T1_M1
677,T1_M1
678,T1_M1
679,T1_M1
680,T1_M1
681,T1_M1
682,T1_M1
683,T1_M1
684,T1_M1
685,T1_M1
686,T1_M1
687,T1_M1
688,T1_M1
689,T1_M1
690,T1_M1
691,T1_M1
692,T1_M1
693,T1_M1
694,T1_M1
695,T1_M1
696,T1_M1
697,T1_M1
698,T1_M1
699,T1_M1
700,T1_M1
701,T1_M1
702,T1_M1
703,T1_M1
704,T1_M1
705,T1_M1
706,T1_M1
707,T1_M1
708,T1_M1
709,T1_M1
710,T1_M1
711,T1_M1
712,T1_M1
713,T1_M1
714,T1_M1
715,T1_M1
716,T1_M1
717,T1_M1
718,T1_M1
719,T1_M1
720,T1_M1
721,T1_M1
722,T1_M1
723,T1_M1
724,T1_M1
725,T1_M1
726,T1_M1
727,T1_M1
728,T1_M1
729,T1_M1
730,T1_M1
731,T1_M1
732,T1_M1
733,T1_M1
734,T1_M1
735,T1_M1
736,T1_M1
737,T1_M1
738,T1_M1
739,T1_M1
740,T1_M1
741,T1_M1
742,T1_M1
743,T1_M1
744,T1_M1
745,T1_M1
746,T1_M1
747,T1_M1
748,T1_M1
749,T1_M1
750,T1_M1
751,T1_M1
752,T1_M1
753,T1_M1
754,T1_M1
755,T1_M1
756,T1_M1
757,T1_M1
758,T1_M1
759,T1_M1
760,T1_M1
761,T1_M1
762,T1_M1
763,T1_M1
764,T1_M1
765,T1_M1
766,T1_M1
767,T1_M1
768,T1_M1
769,T1_M1
770,T1_M1
771,T1_M1
772,T1_M1
773,T1_M1
774,T1_M1
775,T1_M1
776,T1_M1
777,T1_M1
778,T1_M1
779,T1_M1
780,T1_M1
781,T1_M1
782,T1_M1
783,T1_M1
784,T1_M1
785,T1_M1
786,T1_M1
787,T1_M1
788,T1_M1
789,T1_M1
790,T1_M1
791,T1_M1
792,T1_M1
793,T1_M1
794,T1_M1
795,T1_M1
796,T1_M1
797,T1_M1
798,T1_M1
799,T1_M1
800,T1_M1
801,T1_M1
802,T1_M1
803,T1_M1
804,T1_M1
805,T1_M1
806,T1_M1
807,T1_M1
808,T1_M1
809,T1_M1
810,T1_M1
811,T1_M1
812,T1_M1
813,T1_M1
814,T1_M1
815,T1_M1
816,T1_M1
817,T1_M1
818,T1_M1
819,T1_M1
820,T1_M1
821,T1_M1
822,T1_M1
823,T1_M1
824,T1_M1
825,T1_M1
826,T1_M1
827,T1_M1
828,T1_M1
829,T1_M1
830,T1_M1
831,T1_M1
832,T1_M1
833,T1_M1
834,T1_M1
835,T1_M1
836,T1_M1
837,T1_M1
838,T1_M1
839,T1_M1
840,T1_M1
841,T1_M1
842,T1_M1
843,T1_M1
844,T1_M1
845,T1_M1
846,T1_M1
847,T1_M1
848,T1_M1
849,T1_M1
850,T1_M1
851,T1_M1
852,T1_M1
853,T1_M1
854,T1_M1
855,T1_M1
856,T1_M1
857,T1_M1
858,T1_M1
859,T1_M1
860,T1_M1
861,T1_M1
862,T1_M1
863,T1_M1
864,T1_M1
865,T1_M1
866,T1_M1
867,T1_M1
868,T1_M1
869,T1_M1
870,T1_M1
871,T1_M1
872,T1_M1
873,T1_M1
874,T1_M1
875,T1_M1
876,T1_M1
877,T1_M1
878,T1_M1
879,T1_M1
880,T1_M1
881,T1_M1
882,T1_M1
883,T1_M1
884,T1_M1
885,T1_M1
886,T1_M1
887,T1_M1
888,T1_M1
889,T1_M1
890,T1_M1
891,T1_M1
892,T1_M1
893,T1_M1
894,T1_M1
895,T1_M1
896,T1_M1
897,T1_M1
898,T1_M1
899,T1_M1
900,T1_M1
901,T1_M1
902,T1_M1
903,T1_M1
904,T1_M1
905,T1_M1
906,T1_M1
907,T1_M1
908,T1_M1
909,T1_M1
910,T1_M1
911,T1_M1
912,T1_M1
913,T1_M1
914,T1_M1
915,T1_M1
916,T1_M1
917,T1_M1
918,T1_M1
919,T1_M1
920,T1_M1
921,T1_M1
922,T1_M1
923,T1_M1
924,T1_M1
925,T1_M1
926,T1_M1
927,T1_M1
928,T1_M1
929,T1_M1
930,T1_M1
931,T1_M1
932,T1_M1
933,T1_M1
934,T1_M1
935,T1_M1
936,T1_M1
937,T1_M1
938,T1_M1
939,T1_M1
940,T1_M1
941,T1_M1
942,T1_M1
943,T1_M1
944,T1_M1
945,T1_M1
946,T1_M1
947,T1_M1
948,T1_M1
949,T1_M1
950,T1_M1
951,T1_M1
952,T1_M1
953,T1_M1
954,T1_M1
955,T1_M1
956,T1_M1
957,T1_M1
958,T1_M1
959,T1_M1
960,T1_M1
961,T1_M1
962,T1_M1
963,T1_M1
964,T1_M1
965,T1_M1
966,T1_M1
967,T1_M1
968,T1_M1
969,T1_M1
970,T1_M1
971,T1_M1
972,T1_M1
973,T1_M1
974,T1_M1
975,T1_M1
976,T1_M1
977,T1_M1
978,T1_M1
979,T1_M1
980,T1_M1
981,T1_M1
982,T1_M1
983,T1_M1
984,T1_M1
985,T1_M1
986,T1_M1
987,T1_M1
988,T1_M1
989,T1_M1
990,T1_M1
991,T1_M1
992,T1_M1
993,T1_M1
994,T1_M1
995,T1_M1
996,T1_M1
997,T1_M1
998,T1_M1
999,T1_M1
1000,T1_M1
1001,T1_M1
1002,T1_M1
1003,T1_M1
1004,T1_M1
1005,T1_M1
1006,T1_M1
1007,T1_M1
1008,T1_M1
1009,T1_M1
1010,T1_M1
1011,T1_M1
1012,T1_M1
1013,T1_M1
1014,T1_M1
1015,T1_M1
1016,T1_M1
1017,T1_M1
1018,T1_M1
1019,T1_M1
1020,T1_M1
1021,T1_M1
1022,T1_M1
1023,T1_M1
1024,T1_M1
1025,T1_M1
1026,T1_M1
1027,T1_M1
1028,T1_M1
1029,T1_M1
1030,T1_M1
1031,T1_M1
1032,T1_M1
1033,T1_M1
1034,T1_M1
1035,T1_M1
1036,T1_M1
1037,T1_M1
1038,T1_M1
1039,T1_M1
1040,T1_M1
1041,T1_M2
1042,T1_M2
1043,T1_M2
1044,T1_M2
1045,T1_M2
1046,T1_M2
1047,T1_M2
1048,T1_M2
1049,T1_M2
1050,T1_M2
1051,T1_M2
1052,T1_M2
1053,T1_M2
1054,T1_M2
1055,T1_M2
1056,T1_M2
1057,T1_M2
1058,T1_M2
1059,T1_M2
1060,T1_M2
1061,T1_M2
1062,T1_M2
1063,T1_M2
1064,T1_M2
1065,T1_M2
1066,T1_M2
1067,T1_M2
1068,T1_M2
1069,T1_M2
1070,T1_M2
1071,T1_M2
1072,T1_M2
1073,T1_M2
1074,T1_M2
1075,T1_M2
1076,T1_M2
1077,T1_M2
1078,T1_M2
1079,T1_M2
1080,T1_M2
1081,T1_M2
1082,T1_M2
1083,T1_M2
1084,T1_M2
1085,T1_M2
1086,T1_M2
1087,T1_M2
1088,T1_M2
1089,T1_M2
1090,T1_M2
1091,T1_M2
1092,T1_M2
1093,T1_M2
1094,T1_M2
1095,T1_M2
1096,T1_M2
1097,T1_M2
1098,T1_M2
1099,T1_M2
1100,T1_M2
1101,T1_M2
1102,T1_M2
1103,T1_M2
1104,T1_M2
1105,T1_M2
1106,T1_M2
1107,T1_M2
1108,T1_M2
1109,T1_M2
1110,T1_M2
1111,T1_M2
1112,T1_M2
1113,T1_M2
1114,T1_M2
1115,T1_M2
1116,T1_M2
1117,T1_M2
1118,T1_M2
1119,T1_M2
1120,T1_M2
1121,T1_M2
1122,T1_M2
1123,T1_M2
1124,T1_M2
1125,T1_M2
1126,T1_M2
1127,T1_M2
1128,T1_M2
1129,T1_M2
1130,T1_M2
1131,T1_M2
1132,T1_M2
1133,T1_M2
1134,T1_M2
1135,T1_M2
1136,T1_M2
1137,T1_M2
1138,T1_M2
1139,T1_M2
1140,T1_M2
1141,T1_M2
1142,T1_M2
1143,T1_M2
1144,T1_M2
1145,T1_M2
1146,T1_M2
1147,T1_M2
1148,T1_M2
1149,T1_M2
1150,T1_M2
1151,T1_M2
1152,T1_M2
1153,T1_M2
1154,T1_M2
1155,T1_M2
1156,T1_M2
1157,T1_M2
1158,T1_M2
1159,T1_M2
1160,T1_M2
1161,T1_M2
1162,T1_M2
1163,T1_M2
1164,T1_M2
1165,T1_M2
1166,T1_M2
1167,T1_M2
1168,T1_M2
1169,T1_M2
1170,T1_M2
1171,T1_M2
1172,T1_M2
1173,T1_M2
1174,T1_M2
1175,T1_M2
1176,T1_M2
1177,T1_M2
1178,T1_M2
1179,T1_M2
1180,T1_M2
1181,T1_M2
1182,T1_M2
1183,T1_M2
1184,T1_M2
1185,T1_M2
1186,T1_M2
1187,T1_M2
1188,T1_M2
1189,T1_M2
1190,T1_M2
1191,T1_M2
1192,T1_M2
1193,T1_M2
1194,T1_M2
1195,T1_M2
1196,T1_M2
1197,T1_M2
1198,T1_M2
1199,T1_M2
1200,T1_M2
1201,T1_M2
1202,T1_M2
1203,T1_M2
1204,T1_M2
1205,T1_M2
1206,T1_M2
1207,T1_M2
1208,T1_M2
1209,T1_M2
1210,T1_M2
1211,T1_M2
1212,T1_M2
1213,T1_M2
1214,T1_M2
1215,T1_M2
1216,T1_M2
1217,T1_M2
1218,T1_M2
1219,T1_M2
1220,T1_M2
1221,T1_M2
1222,T1_M2
1223,T1_M2
1224,T1_M2
1225,T1_M2
1226,T1_M2
1227,T1_M2
1228,T1_M2
1229,T1_M2
1230,T1_M2
1231,T1_M2
1232,T1_M2
1233,T1_M2
1234,T1_M2
1235,T1_M2
1236,T1_M2
1237,T1_M2
1238,T1_M2
1239,T1_M2
1240,T1_M2
1241,T1_M2
1242,T1_M2
1243,T1_M2
1244,T1_M2
1245,T1_M2
1246,T1_M2
1247,T1_M2
1248,T1_M2
1249,T1_M2
1250,T1_M2
1251,T1_M2
1252,T1_M2
1253,T1_M2
1254,T1_M2
1255,T1_M2
1256,T1_M2
1257,T1_M2
1258,T1_M2
1259,T1_M2
1260,T1_M2
1261,T1_M2
1262,T1_M2
1263,T1_M2
1264,T1_M2
1265,T1_M2
1266,T1_M2
1267,T1_M2
1268,T1_M2
1269,T1_M2
1270,T1_M2
1271,T1_M2
1272,T1_M2
1273,T1_M2
1274,T1_M2
1275,T1_M2
1276,T1_M2
1277,T1_M2
1278,T1_M2
1279,T1_M2
1280,T1_M2
1281,T1_M2
1282,T1_M2
1283,T1_M2
1284,T1_M2
1285,T1_M2
1286,T1_M2
1287,T1_M2
1288,T1_M2
1289,T1_M2
1290,T1_M2
1291,T1_M2
1292,T1_M2
1293,T1_M2
1294,T1_M2
1295,T1_M2
1296,T1_M2
1297,T1_M2
1298,T1_M2
1299,T1_M2
1300,T1_M2
1301,T1_M2
1302,T1_M2
1303,T1_M2
1304,T1_M2
1305,T1_M2
1306,T1_M2
1307,T1_M2
1308,T1_M2
1309,T1_M2
1310,T1_M2
1311,T1_M2
1312,T1_M2
1313,T1_M2
1314,T1_M2
1315,T1_M2
1316,T1_M2
1317,T1_M2
1318,T1_M2
1319,T1_M2
1320,T1_M2
1321,T1_M2
1322,T1_M2
1323,T1_M2
1324,T1_M2
1325,T1_M2
1326,T1_M2
1327,T1_M2
1328,T1_M2
1329,T1_M2
1330,T1_M2
1331,T1_M2
1332,T1_M2
1333,T1_M2
1334,T1_M2
1335,T1_M2
1336,T1_M2
1337,T1_M2
1338,T1_M2
1339,T1_M2
1340,T1_M2
1341,T1_M2
1342,T1_M2
1343,T1_M2
1344,T1_M2
1345,T1_M2
1346,T1_M2
1347,T1_M2
1348,T1_M2
1349,T1_M2
1350,T1_M2
1351,T1_M2
1352,T1_M2
1353,T1_M2
1354,T1_M2
1355,T1_M2
1356,T1_M2
1357,T1_M2
1358,T1_M2
1359,T1_M2
1360,T1_M2
1361,T1_M2
1362,T1_M2
1363,T1_M2
1364,T1_M2
1365,T1_M2
1366,T1_M2
1367,T1_M2
1368,T1_M2
1369,T1_M2
1370,T1_M2
1371,T1_M2
1372,T1_M2
1373,T1_M2
1374,T1_M2
1375,T1_M2
1376,T1_M2
1377,T1_M2
1378,T1_M2
1379,T1_M2
1380,T1_M2
1381,T1_M2
1382,T1_M2
1383,T1_M2
1384,T1_M2
1385,T1_M2
1386,T1_M2
1387,T1_M2
1388,T1_M2
1389,T1_M2
1390,T1_M2
1391,T1_M2
1392,T1_M2
1393,T1_M2
1394,T1_M2
1395,T1_M2
1396,T1_M2
1397,T1_M2
1398,T1_M2
1399,T1_M2
1400,T1_M2
1401,T1_M2
1402,T1_M2
1403,T1_M2
1404,T1_M2
1405,T1_M2
1406,T1_M2
1407,T1_M2
1408,T1_M2
1409,T1_M2
1410,T1_M2
1411,T1_M2
1412,T1_M2
1413,T1_M2
1414,T1_M2
1415,T1_M2
1416,T1_M2
1417,T1_M2
1418,T1_M2
1419,T1_M2
1420,T1_M2
1421,T1_M2
1422,T1_M2
1423,T1_M2
1424,T1_M2
1425,T1_M2
1426,T1_M2
1427,T1_M2
1428,T1_M2
1429,T1_M2
1430,T1_M2
1431,T1_M2
1432,T1_M2
1433,T1_M2
1434,T1_M2
1435,T1_M2
1436,T1_M2
1437,T1_M2
1438,T1_M2
1439,T1_M2
1440,T1_M2
1441,T1_M2
1442,T1_M2
1443,T1_M2
1444,T1_M2
1445,T1_M2
1446,T1_M2
1447,T1_M2
1448,T1_M2
1449,T1_M2
1450,T1_M2
1451,T1_M2
1452,T1_M2
1453,T1_M2
1454,T1_M2
1455,T1_M2
1456,T1_M2
1457,T1_M2
1458,T1_M2
1459,T1_M2
1460,T1_M2
1461,T1_M2
1462,T1_M2
1463,T1_M2
1464,T1_M2
1465,T1_M2
1466,T1_M2
1467,T1_M2
1468,T1_M2
1469,T1_M2
1470,T1_M2
1471,T1_M2
1472,T1_M2
1473,T1_M2
1474,T1_M2
1475,T1_M2
1476,T1_M2
1477,T1_M2
1478,T1_M2
1479,T1_M2
1480,T1_M2
1481,T1_M2
1482,T1_M2
1483,T1_M2
1484,T1_M2
1485,T1_M2
1486,T1_M2
1487,T1_M2
1488,T1_M2
1489,T1_M2
1490,T1_M2
1491,T1_M2
1492,T1_M2
1493,T1_M2
1494,T1_M2
1495,T1_M2
1496,T1_M2
1497,T1_M2
1498,T1_M2
1499,T1_M2
1500,T1_M2
1501,T1_M2
1502,T1_M2
1503,T1_M2
1504,T1_M2
1505,T1_M2
1506,T1_M2
1507,T1_M2
1508,T1_M2
1509,T1_M2
1510,T1_M2
1511,T1_M2
1512,T1_M2
1513,T1_M2
1514,T1_M2
1515,T1_M2
1516,T1_M2
1517,T1_M2
1518,T1_M2
1519,T1_M2
1520,T1_M2
1521,T1_M2
1522,T1_M2
1523,T1_M2
1524,T1_M2
1525,T1_M2
1526,T1_M2
1527,T1_M2
1528,T1_M2
1529,T1_M2
1530,T1_M2
1531,T1_M2
1532,T1_M2
1533,T1_M2
1534,T1_M2
1535,T1_M2
1536,T1_M2
1537,T1_M2
1538,T1_M2
1539,T1_M2
1540,T1_M2
1541,T1_M2
1542,T1_M2
1543,T1_M2
1544,T1_M2
1545,T1_M2
1546,T1_M2
1547,T1_M2
1548,T1_M2
1549,T1_M2
1550,T1_M2
1551,T1_M2
1552,T1_M2
1553,T1_M2
1554,T1_M2
1555,T1_M2
1556,T1_M2
1557,T1_M2
1558,T1_M2
1559,T1_M2
1560,T1_M2
1561,T1_M2
1562,T1_M2
1563,T1_M2
1564,T1_M2
1565,T1_M2
1566,T1_M2
1567,T1_M2
1568,T1_M2
1569,T1_M2
1570,T1_M2
1571,T1_M2
1572,T1_M2
1573,T1_M2
1574,T1_M2
1575,T1_M2
1576,T1_M2
1577,T1_M2
1578,T1_M2
1579,T1_M2
1580,T1_M2
1581,T1_M2
1582,T1_M2
1583,T1_M2
1584,T1_M2
1585,T1_M2
1586,T1_M2
1587,T1_M2
1588,T1_M2
1589,T1_M2
1590,T1_M2
1591,T1_M2
1592,T1_M2
1593,T1_M2
1594,T1_M2
1595,T1_M2
1596,T1_M2
1597,T1_M2
1598,T1_M2
1599,T1_M2
1600,T1_M2
1601,T1_M2
1602,T1_M2
1603,T1_M2
1604,T1_M2
1605,T1_M2
1606,T1_M2
1607,T1_M2
1608,T1_M2
1609,T1_M2
1610,T1_M2
1611,T1_M2
1612,T1_M2
1613,T1_M2
1614,T1_M2
1615,T1_M2
1616,T1_M2
1617,T1_M2
1618,T1_M2
1619,T1_M2
1620,T1_M2
1621,T1_M2
1622,T1_M2
1623,T1_M2
1624,T1_M2
1625,T1_M2
1626,T1_M2
1627,T1_M2
1628,T1_M2
1629,T1_M2
1630,T1_M2
1631,T1_M2
1632,T1_M2
1633,T1_M2
1634,T1_M2
1635,T1_M2
1636,T1_M2
1637,T1_M2
1638,T1_M2
1639,T1_M2
1640,T1_M2
1641,T1_M2
1642,T1_M2
1643,T1_M2
1644,T1_M2
1645,T1_M2
1646,T1_M2
1647,T1_M2
1648,T1_M2
1649,T1_M2
1650,T1_M2
1651,T1_M2
1652,T1_M2
1653,T1_M2
1654,T1_M2
1655,T1_M2
1656,T1_M2
1657,T1_M2
1658,T1_M2
1659,T1_M2
1660,T1_M2
1661,T1_M2
1662,T1_M2
1663,T1_M2
1664,T1_M2
1665,T1_M2
1666,T1_M2
1667,T1_M2
1668,T1_M2
1669,T1_M2
1670,T1_M2
1671,T1_M2
1672,T1_M2
1673,T1_M2
1674,T1_M2
1675,T1_M2
1676,T1_M2
1677,T1_M2
1678,T1_M2
1679,T1_M2
1680,T1_M2
1681,T1_M2
1682,T1_M3
1683,T1_M3
1684,T1_M3
1685,T1_M3
1686,T1_M3
1687,T1_M3
1688,T1_M3
1689,T1_M3
1690,T1_M3
1691,T1_M3
1692,T1_M3
1693,T1_M3
1694,T1_M3
1695,T1_M3
1696,T1_M3
1697,T1_M3
1698,T1_M3
1699,T1_M3
1700,T1_M3
1701,T1_M3
1702,T1_M3
1703,T1_M3
1704,T1_M3
1705,T1_M3
1706,T1_M3
1707,T1_M3
1708,T1_M3
1709,T1_M3
1710,T1_M3
1711,T1_M3
1712,T1_M3
1713,T1_M3
1714,T1_M3
1715,T1_M3
1716,T1_M3
1717,T1_M3
1718,T1_M3
1719,T1_M3
1720,T1_M3
1721,T1_M3
1722,T1_M3
1723,T1_M3
1724,T1_M3
1725,T1_M3
1726,T1_M3
1727,T1_M3
1728,T1_M3
1729,T1_M3
1730,T1_M3
1731,T1_M3
1732,T1_M3
1733,T1_M3
1734,T1_M3
1735,T1_M3
1736,T1_M3
1737,T1_M3
1738,T1_M3
1739,T1_M3
1740,T1_M3
1741,T1_M3
1742,T1_M3
1743,T1_M3
1744,T1_M3
1745,T1_M3
1746,T1_M3
1747,T1_M3
1748,T1_M3
1749,T1_M3
1750,T1_M3
1751,T1_M3
1752,T1_M3
1753,T1_M3
1754,T1_M3
1755,T1_M3
1756,T1_M3
1757,T1_M3
1758,T1_M3
1759,T1_M3
1760,T1_M3
1761,T1_M3
1762,T1_M3
1763,T1_M3
1764,T1_M3
1765,T1_M3
1766,T1_M3
1767,T1_M3
1768,T1_M3
1769,T1_M3
1770,T1_M3
1771,T1_M3
1772,T1_M3
1773,T1_M3
1774,T1_M3
1775,T1_M3
1776,T1_M3
1777,T1_M3
1778,T1_M3
1779,T1_M3
1780,T1_M3
1781,T1_M3
1782,T1_M3
1783,T1_M3
1784,T1_M3
1785,T1_M3
1786,T1_M3
1787,T1_M3
1788,T1_M3
1789,T1_M3
1790,T1_M3
1791,T1_M3
1792,T1_M3
1793,T1_M3
1794,T1_M3
1795,T1_M3
1796,T1_M3
1797,T1_M3
1798,T1_M3
1799,T1_M3
1800,T1_M3
1801,T1_M3
1802,T1_M3
1803,T1_M3
1804,T1_M3
1805,T1_M3
1806,T1_M3
1807,T1_M3
1808,T1_M3
1809,T1_M3
1810,T1_M3
1811,T1_M3
1812,T1_M3
1813,T1_M3
1814,T1_M3
1815,T1_M3
1816,T1_M3
1817,T1_M3
1818,T1_M3
1819,T1_M3
1820,T1_M3
1821,T1_M3
1822,T1_M3
1823,T1_M3
1824,T1_M3
1825,T1_M3
1826,T1_M3
1827,T1_M3
1828,T1_M3
1829,T1_M3
1830,T1_M3
1831,T1_M3
1832,T1_M3
1833,T1_M3
1834,T1_M3
1835,T1_M3
1836,T1_M3
1837,T1_M3
1838,T1_M3
1839,T1_M3
1840,T1_M3
1841,T1_M3
1842,T1_M3
1843,T1_M3
1844,T1_M3
1845,T1_M3
1846,T1_M3
1847,T1_M3
1848,T1_M3
1849,T1_M3
1850,T1_M3
1851,T1_M3
1852,T1_M3
1853,T1_M3
1854,T1_M3
1855,T1_M3
1856,T1_M3
1857,T1_M3
1858,T1_M3
1859,T1_M3
1860,T1_M3
1861,T1_M3
1862,T1_M3
1863,T1_M3
1864,T1_M3
1865,T1_M3
1866,T1_M3
1867,T1_M3
1868,T1_M3
1869,T1_M3
1870,T1_M3
1871,T1_M3
1872,T1_M3
1873,T1_M3
1874,T1_M3
1875,T1_M3
1876,T1_M3
1877,T1_M3
1878,T1_M3
1879,T1_M3
1880,T1_M3
1881,T1_M3
1882,T1_M3
1883,T1_M3
1884,T1_M3
1885,T1_M3
1886,T1_M3
1887,T1_M3
1888,T1_M3
1889,T1_M3
1890,T1_M3
1891,T1_M3
1892,T1_M3
1893,T1_M3
1894,T1_M3
1895,T1_M3
1896,T1_M3
1897,T1_M3
1898,T1_M3
1899,T1_M3
1900,T1_M3
1901,T1_M3
1902,T1_M3
1903,T1_M3
1904,T1_M3
1905,T1_M3
1906,T1_M3
1907,T1_M3
1908,T1_M3
1909,T1_M3
1910,T1_M3
1911,T1_M3
1912,T1_M3
1913,T1_M3
1914,T1_M3
1915,T1_M3
1916,T1_M3
1917,T1_M3
1918,T1_M3
1919,T1_M3
1920,T1_M3
1921,T1_M3
1922,T1_M3
1923,T1_M3
1924,T1_M3
1925,T1_M3
1926,T1_M3
1927,T1_M3
1928,T1_M3
1929,T1_M3
1930,T1_M3
1931,T1_M3
1932,T1_M3
1933,T1_M3
1934,T1_M3
1935,T1_M3
1936,T1_M3
1937,T1_M3
1938,T1_M3
1939,T1_M3
1940,T1_M3
1941,T1_M3
1942,T1_M3
1943,T1_M3
1944,T1_M3
1945,T1_M3
1946,T1_M3
1947,T1_M3
1948,T1_M3
1949,T1_M3
1950,T1_M3
1951,T1_M3
1952,T1_M3
1953,T1_M3
1954,T1_M3
1955,T1_M3
1956,T1_M3
1957,T1_M3
1958,T1_M3
1959,T1_M3
1960,T1_M3
1961,T1_M3
1962,T1_M3
1963,T1_M3
1964,T1_M3
1965,T1_M3
1966,T1_M3
1967,T1_M3
1968,T1_M3
1969,T1_M3
1970,T1_M3
1971,T1_M3
1972,T1_M3
1973,T1_M3
1974,T1_M3
1975,T1_M3
1976,T1_M3
1977,T1_M3
1978,T1_M3
1979,T1_M3
1980,T1_M3
1981,T1_M3
1982,T1_M3
1983,T1_M3
1984,T1_M3
1985,T1_M3
1986,T1_M3
1987,T1_M3
1988,T1_M3
1989,T1_M3
1990,T1_M3
1991,T1_M3
1992,T1_M3
1993,T1_M3
1994,T1_M3
1995,T1_M3
1996,T1_M3
1997,T1_M3
1998,T1_M3
1999,T1_M3
2000,T1_M3
2001,T1_M3
2002,T1_M3
2003,T1_M3
2004,T1_M3
2005,T1_M3
2006,T1_M3
2007,T1_M3
2008,T1_M3
2009,T1_M3
2010,T1_M3
2011,T1_M3
2012,T1_M3
2013,T1_M3
2014,T1_M3
2015,T1_M3
2016,T1_M3
2017,T1_M3
2018,T1_M3
2019,T1_M3
2020,T1_M3
2021,T1_M3
2022,T1_M3
2023,T1_M3
2024,T1_M3
2025,T1_M3
2026,T1_M3
2027,T1_M3
2028,T1_M3
2029,T1_M3
2030,T1_M3
2031,T1_M3
2032,T1_M3
2033,T1_M3
2034,T1_M3
2035,T1_M3
